episode,total_return,length,epsilon,mean_loss,termination_reason
0,-100.788,112,0.995,2.32881,crash
1,-106.762,97,0.99003,55.67098,crash
2,-312.876,92,0.98507,53.69115,crash
3,-111.898,109,0.98015,27.31249,crash
4,-356.129,123,0.97525,45.84877,crash
5,-171.493,112,0.97037,52.66987,crash
6,-90.877,91,0.96552,65.78292,crash
7,-94.356,70,0.96069,92.75958,crash
8,-113.135,98,0.95589,103.1418,crash
9,-110.432,105,0.95111,108.58547,crash
10,-222.778,71,0.94635,88.71649,crash
11,-96.856,71,0.94162,88.68491,crash
12,-183.756,70,0.93691,117.34053,crash
13,-213.704,111,0.93223,95.20756,crash
14,-106.002,138,0.92757,78.25042,crash
15,-191.848,101,0.92293,68.88997,crash
16,-212.946,101,0.91832,42.93135,crash
17,-143.435,139,0.91372,47.45929,crash
18,-203.711,97,0.90916,59.42424,crash
19,-75.825,62,0.90461,48.80814,crash
20,-83.136,71,0.90009,63.41236,crash
21,-77.387,91,0.89559,48.91965,crash
22,-388.804,85,0.89111,54.14434,crash
23,-59.548,78,0.88665,55.55727,crash
24,-192.122,103,0.88222,42.70595,crash
25,-79.469,102,0.87781,33.17787,crash
26,-162.367,111,0.87342,41.12659,crash
27,-184.529,61,0.86905,26.56919,crash
28,-163.196,112,0.86471,29.89156,crash
29,-106.197,86,0.86038,24.23041,crash
30,-57.433,72,0.85608,29.00856,crash
31,-94.521,134,0.8518,16.0605,crash
32,-100.946,83,0.84754,15.71753,crash
33,-120.395,71,0.84331,13.31229,crash
34,-108.173,75,0.83909,8.34062,crash
35,-50.857,139,0.83489,10.58892,crash
36,-35.845,104,0.83072,10.05758,crash
37,-316.98,120,0.82657,17.58688,crash
38,-19.887,102,0.82243,13.8531,crash
39,-57.837,69,0.81832,7.90889,crash
40,-96.555,96,0.81423,8.22479,crash
41,-73.489,108,0.81016,7.7592,crash
42,-94.747,89,0.80611,11.42323,crash
43,-195.235,97,0.80208,13.3458,crash
44,-58.904,104,0.79807,15.831,crash
45,-57.711,68,0.79408,11.93007,crash
46,-233.944,124,0.7901,9.84192,crash
47,-108.262,81,0.78615,10.16447,crash
48,-60.944,104,0.78222,10.30325,crash
49,-48.804,100,0.77831,11.10021,crash
50,-121.828,127,0.77442,12.87726,crash
51,-63.917,68,0.77055,10.28332,crash
52,-121.555,90,0.7667,10.54912,crash
53,-103.274,67,0.76286,7.51678,crash
54,-87.056,77,0.75905,12.09064,crash
55,-82.733,66,0.75525,6.67933,crash
56,-46.067,126,0.75148,9.37404,crash
57,-73.654,86,0.74772,9.22129,crash
58,-181.814,93,0.74398,9.31281,crash
59,-61.298,121,0.74026,9.61456,crash
60,-58.226,121,0.73656,9.66844,crash
61,-72.616,75,0.73288,12.68269,crash
62,-108.458,96,0.72921,11.2311,crash
63,-14.121,81,0.72557,10.45187,crash
64,-186.582,96,0.72194,8.16839,crash
65,-220.463,132,0.71833,9.11589,crash
66,-141.57,112,0.71474,12.59892,crash
67,-114.652,122,0.71116,16.16264,crash
68,-97.902,120,0.70761,11.85202,crash
69,-33.52,72,0.70407,13.15936,crash
70,-57.151,111,0.70055,8.8766,crash
71,-91.247,111,0.69705,10.28501,crash
72,-72.781,134,0.69356,9.4482,crash
73,-89.461,142,0.69009,7.83663,crash
74,-63.681,91,0.68664,7.74141,crash
75,-313.92,105,0.68321,10.67102,crash
76,-83.497,120,0.67979,13.66389,crash
77,-61.127,172,0.67639,12.6637,crash
78,-42.069,72,0.67301,12.5024,crash
79,-25.742,128,0.66965,13.47645,crash
80,-45.211,132,0.6663,12.23947,crash
81,-83.136,66,0.66297,13.09909,crash
82,-52.923,128,0.65965,11.33871,crash
83,-53.633,139,0.65635,13.51419,crash
84,-89.246,141,0.65307,10.60381,crash
85,-53.164,123,0.64981,13.4453,crash
86,-60.406,72,0.64656,16.4501,crash
87,-91.864,101,0.64333,12.03567,crash
88,-25.516,136,0.64011,11.08343,crash
89,-68.477,153,0.63691,11.21498,crash
90,-67.584,134,0.63372,11.84925,crash
91,-31.524,106,0.63056,11.04578,crash
92,-78.529,121,0.6274,10.79951,crash
93,-1.346,102,0.62427,12.95395,crash
94,-91.564,122,0.62114,10.75029,crash
95,-50.404,164,0.61804,11.53885,crash
96,3.979,209,0.61495,10.87693,crash
97,-178.048,302,0.61187,10.71177,crash
98,-85.608,87,0.60881,14.42726,crash
99,-85.292,149,0.60577,14.65309,crash
100,-39.157,81,0.60274,9.52779,crash
101,-114.095,190,0.59973,12.49467,crash
102,-47.746,193,0.59673,10.36673,crash
103,-43.356,194,0.59375,13.85343,crash
104,-67.131,122,0.59078,11.25136,crash
105,-95.647,93,0.58782,13.09438,crash
106,-24.272,126,0.58488,12.67604,crash
107,-45.586,134,0.58196,10.77467,crash
108,-88.497,120,0.57905,10.57206,crash
109,-66.232,104,0.57615,10.66155,crash
110,-45.633,158,0.57327,9.45776,crash
111,-80.944,158,0.57041,13.40873,crash
112,-79.969,155,0.56756,10.75273,crash
113,-123.919,160,0.56472,11.52357,crash
114,-14.287,86,0.56189,11.92986,crash
115,-192.704,143,0.55908,10.91329,crash
116,-67.682,134,0.55629,12.04197,crash
117,-73.614,166,0.55351,12.06969,crash
118,-26.254,130,0.55074,14.48399,crash
119,-42.217,88,0.54799,9.85371,crash
120,-121.075,108,0.54525,10.82684,crash
121,-55.762,159,0.54252,11.00282,crash
122,-37.253,84,0.53981,11.32832,crash
123,-11.166,106,0.53711,11.05541,crash
124,-58.535,132,0.53442,14.22008,crash
125,-224.388,926,0.53175,13.19603,crash
126,25.981,157,0.52909,13.72492,crash
127,-79.556,131,0.52645,13.77473,crash
128,-33.616,115,0.52381,11.38194,crash
129,-137.462,451,0.5212,12.94965,crash
130,46.632,1000,0.51859,13.46754,timeout
131,-19.167,148,0.516,13.28834,crash
132,-98.268,106,0.51342,13.06997,crash
133,-22.743,86,0.51085,14.75136,crash
134,-46.559,155,0.5083,17.86919,crash
135,-10.279,145,0.50575,16.39636,crash
136,-132.24,157,0.50322,15.22264,crash
137,-107.67,87,0.50071,11.38493,crash
138,2.744,167,0.49821,14.89971,crash
139,-85.295,99,0.49571,17.99409,crash
140,-6.49,162,0.49324,12.81608,crash
141,-18.289,121,0.49077,12.88752,crash
142,-25.227,115,0.48832,15.4786,crash
143,30.648,112,0.48587,16.01458,crash
144,-27.03,144,0.48344,16.62236,crash
145,-1.339,140,0.48103,16.20142,crash
146,-47.928,73,0.47862,16.14897,crash
147,-77.197,105,0.47623,17.02982,crash
148,17.68,1000,0.47385,18.41863,timeout
149,-50.18,121,0.47148,15.98871,crash
150,-19.815,105,0.46912,15.68902,crash
151,-40.746,165,0.46678,17.27851,crash
152,-105.848,151,0.46444,18.47952,crash
153,-14.9,112,0.46212,16.88953,crash
154,4.573,118,0.45981,21.28071,crash
155,-57.014,186,0.45751,14.29798,crash
156,-274.754,582,0.45522,19.83759,crash
157,7.241,94,0.45295,22.59951,crash
158,15.502,144,0.45068,16.63616,crash
159,-21.085,112,0.44843,16.88738,crash
160,-167.601,250,0.44619,20.38926,crash
161,-77.436,114,0.44396,21.9139,crash
162,-24.973,161,0.44174,16.68149,crash
163,-30.447,147,0.43953,21.31423,crash
164,-81.991,155,0.43733,18.23391,crash
165,-23.727,1000,0.43514,25.03185,timeout
166,-37.419,214,0.43297,19.83264,crash
167,-67.718,79,0.4308,20.27811,crash
168,-27.817,1000,0.42865,20.46597,timeout
169,-13.167,114,0.4265,27.44666,crash
170,-32.303,102,0.42437,21.67946,crash
171,22.986,154,0.42225,25.68824,crash
172,-87.374,526,0.42014,24.29891,crash
173,20.402,1000,0.41804,22.4239,timeout
174,49.884,1000,0.41595,23.38292,timeout
175,42.131,1000,0.41387,25.65342,timeout
176,20.52,124,0.4118,25.39643,crash
177,-32.356,128,0.40974,34.15713,crash
178,-42.518,106,0.40769,26.20424,crash
179,-2.026,144,0.40565,27.65382,crash
180,-18.538,188,0.40362,34.06835,crash
181,-0.958,1000,0.40161,24.55196,timeout
182,-26.908,151,0.3996,19.79602,crash
183,27.865,1000,0.3976,26.09418,timeout
184,18.15,1000,0.39561,28.58481,timeout
185,-37.111,99,0.39363,24.25258,crash
186,57.359,152,0.39167,34.69834,crash
187,63.612,1000,0.38971,30.41412,timeout
188,-15.687,121,0.38776,21.95034,crash
189,123.664,1000,0.38582,28.05669,timeout
190,-319.675,958,0.38389,28.59856,crash
191,13.757,109,0.38197,23.88657,crash
192,73.025,1000,0.38006,29.57036,timeout
193,188.979,463,0.37816,25.11067,landing
194,86.484,1000,0.37627,30.15664,timeout
195,-39.711,1000,0.37439,28.6108,timeout
196,-30.742,76,0.37252,34.70931,crash
197,-28.807,210,0.37066,32.83254,crash
198,-113.83,172,0.3688,35.40442,crash
199,-231.302,310,0.36696,30.34669,crash
200,58.884,103,0.36512,43.07239,crash
201,-67.521,1000,0.3633,30.4033,timeout
202,-330.832,972,0.36148,30.66345,crash
203,-1.106,105,0.35967,30.52969,crash
204,-4.736,122,0.35788,28.56395,crash
205,135.898,1000,0.35609,28.66132,timeout
206,76.928,1000,0.35431,29.5127,timeout
207,13.058,1000,0.35253,29.84345,timeout
208,-26.296,84,0.35077,26.05533,crash
209,131.798,1000,0.34902,29.64534,timeout
210,91.246,1000,0.34727,27.86878,timeout
211,4.364,1000,0.34554,26.28442,timeout
212,65.712,1000,0.34381,25.91251,timeout
213,84.561,1000,0.34209,24.7504,timeout
214,-21.473,1000,0.34038,26.33042,timeout
215,1.244,145,0.33868,21.75357,crash
216,111.603,1000,0.33698,24.44394,timeout
217,105.087,1000,0.3353,26.74943,timeout
218,60.773,1000,0.33362,23.24213,timeout
219,130.108,1000,0.33195,22.97572,timeout
220,99.395,1000,0.33029,23.97382,timeout
221,126.326,1000,0.32864,20.83463,timeout
222,31.989,1000,0.327,22.83816,timeout
223,98.902,1000,0.32536,19.96527,timeout
224,107.903,1000,0.32374,19.46018,timeout
225,117.58,1000,0.32212,20.30167,timeout
226,26.945,1000,0.32051,22.39322,timeout
227,200.615,945,0.31891,18.14224,landing
228,95.486,1000,0.31731,17.96926,timeout
229,15.088,1000,0.31572,20.38524,timeout
230,206.084,928,0.31415,16.37663,landing
231,18.028,123,0.31258,15.34649,crash
232,-40.447,110,0.31101,15.06912,crash
233,36.45,128,0.30946,15.77975,crash
234,163.226,1000,0.30791,15.75722,timeout
235,-4.462,128,0.30637,13.601,crash
236,-212.328,147,0.30484,17.41399,crash
237,140.6,1000,0.30331,18.47193,timeout
238,-163.67,143,0.3018,19.16435,crash
239,122.065,1000,0.30029,17.81684,timeout
240,-133.374,414,0.29879,16.06673,crash
241,79.766,1000,0.29729,17.10635,timeout
242,196.09,917,0.29581,16.88569,landing
243,-80.027,161,0.29433,10.9572,crash
244,-24.944,119,0.29286,12.24007,crash
245,-11.674,100,0.29139,9.6675,crash
246,-130.185,553,0.28994,20.96758,crash
247,81.593,1000,0.28849,18.25809,timeout
248,70.243,1000,0.28704,18.81366,timeout
249,-468.993,184,0.28561,15.15785,crash
250,-9.965,290,0.28418,17.16234,crash
251,-341.378,413,0.28276,23.08376,crash
252,-41.772,450,0.28135,21.65116,crash
253,-1.415,252,0.27994,13.72793,crash
254,99.566,1000,0.27854,14.64509,timeout
255,90.814,1000,0.27715,14.65319,timeout
256,-71.534,106,0.27576,10.1228,crash
257,-225.355,97,0.27438,11.44604,crash
258,109.988,1000,0.27301,17.19155,timeout
259,107.488,1000,0.27164,13.70787,timeout
260,-13.239,169,0.27029,22.33905,crash
261,219.418,710,0.26893,16.57396,landing
262,139.289,1000,0.26759,14.88517,timeout
263,226.205,468,0.26625,12.67013,landing
264,41.106,81,0.26492,14.77956,crash
265,-170.856,70,0.2636,7.96304,crash
266,-5.449,207,0.26228,11.33642,crash
267,42.617,129,0.26097,14.11515,crash
268,123.743,1000,0.25966,14.67003,timeout
269,134.733,1000,0.25836,16.45174,timeout
270,102.179,1000,0.25707,16.5847,timeout
271,-7.406,101,0.25579,15.99339,crash
272,-7.51,146,0.25451,11.14341,crash
273,-9.358,140,0.25324,8.47839,crash
274,88.137,1000,0.25197,15.14012,timeout
275,17.746,1000,0.25071,12.61812,timeout
276,89.299,1000,0.24946,14.18118,timeout
277,89.674,1000,0.24821,12.92557,timeout
278,-42.299,142,0.24697,10.59475,crash
279,-55.944,106,0.24573,9.11696,crash
280,208.292,640,0.2445,12.55263,landing
281,262.243,882,0.24328,11.41091,landing
282,115.476,1000,0.24206,14.30607,timeout
283,-61.593,202,0.24085,10.84831,crash
284,-143.831,110,0.23965,8.71393,crash
285,144.595,1000,0.23845,14.4411,timeout
286,-7.483,179,0.23726,8.75083,crash
287,120.98,1000,0.23607,14.2238,timeout
288,-329.083,136,0.23489,15.55126,crash
289,260.499,751,0.23372,13.02983,landing
290,15.058,184,0.23255,18.6602,crash
291,-17.859,119,0.23139,12.28106,crash
292,119.701,1000,0.23023,12.99808,timeout
293,241.217,990,0.22908,13.65843,landing
294,268.024,495,0.22793,15.36852,landing
295,284.9,256,0.22679,15.59652,landing
296,117.513,1000,0.22566,15.83335,timeout
297,256.153,290,0.22453,14.91563,landing
298,-47.307,99,0.22341,9.30383,crash
299,88.532,1000,0.22229,12.48425,timeout
300,-186.461,506,0.22118,14.57473,crash
301,1.207,99,0.22007,6.11941,crash
302,-178.675,287,0.21897,14.30533,crash
303,-16.764,113,0.21788,16.30415,crash
304,163.044,1000,0.21679,13.27649,timeout
305,-176.326,213,0.21571,21.82268,crash
306,149.592,1000,0.21463,14.77703,timeout
307,22.05,126,0.21355,11.67143,crash
308,-27.67,180,0.21249,12.93318,crash
309,115.192,1000,0.21142,15.95211,timeout
310,270.128,427,0.21037,14.8929,landing
311,85.152,1000,0.20932,20.14212,timeout
312,249.028,312,0.20827,14.45718,landing
313,163.242,1000,0.20723,16.54324,timeout
314,289.167,348,0.20619,16.84912,landing
315,282.682,295,0.20516,14.87041,landing
316,135.848,1000,0.20413,22.31539,timeout
317,263.78,384,0.20311,23.76205,landing
318,-340.915,144,0.2021,20.75879,crash
319,103.377,1000,0.20109,17.30289,timeout
320,226.211,694,0.20008,16.34512,landing
321,260.26,980,0.19908,13.09785,landing
322,-242.119,669,0.19809,13.51284,crash
323,240.433,345,0.1971,14.33761,landing
324,45.487,130,0.19611,12.87988,crash
325,113.745,1000,0.19513,15.33238,timeout
326,279.719,900,0.19415,14.35492,landing
327,153.127,1000,0.19318,13.45457,timeout
328,-320.918,383,0.19222,14.23591,crash
329,111.068,1000,0.19126,15.46961,timeout
330,-346.372,979,0.1903,15.46782,crash
331,134.031,729,0.18935,16.16091,landing
332,133.223,1000,0.1884,14.69188,timeout
333,-47.134,288,0.18746,14.82943,crash
334,233.634,673,0.18652,16.5306,landing
335,265.695,423,0.18559,12.75305,landing
336,-94.392,123,0.18466,17.3014,crash
337,229.172,435,0.18374,12.85392,landing
338,251.997,977,0.18282,17.5244,landing
339,252.358,681,0.18191,14.04161,landing
340,-7.987,136,0.181,12.55218,crash
341,180.51,663,0.18009,13.36497,landing
342,157.547,800,0.17919,13.84545,landing
343,-29.1,106,0.1783,11.368,crash
344,231.525,519,0.1774,17.06992,landing
345,268.917,236,0.17652,15.22935,landing
346,279.57,296,0.17563,18.06824,landing
347,139.501,1000,0.17476,13.96015,timeout
348,266.596,487,0.17388,11.95899,landing
349,253.681,426,0.17301,14.46894,landing
350,202.193,503,0.17215,12.60711,landing
351,270.799,430,0.17129,15.32589,landing
352,267.578,890,0.17043,12.73012,landing
353,230.882,494,0.16958,13.1642,landing
354,262.901,490,0.16873,13.17802,landing
355,285.57,273,0.16789,16.72539,landing
356,256.536,430,0.16705,12.14629,landing
357,236.59,267,0.16621,12.74631,landing
358,286.939,394,0.16538,10.28204,landing
359,261.144,677,0.16455,13.6179,landing
360,219.903,745,0.16373,15.53306,landing
361,263.55,249,0.16291,16.73622,landing
362,129.81,1000,0.1621,14.50391,timeout
363,203.998,465,0.16129,13.09208,landing
364,270.514,985,0.16048,13.37122,landing
365,168.785,990,0.15968,15.31216,landing
366,245.8,344,0.15888,10.75987,landing
367,-51.087,210,0.15809,14.101,crash
368,-92.299,61,0.1573,20.02095,crash
369,222.256,302,0.15651,13.0672,landing
370,-61.721,1000,0.15573,15.24409,timeout
371,218.924,581,0.15495,12.18881,landing
372,279.454,306,0.15417,14.47309,landing
373,269.894,481,0.1534,13.06589,landing
374,239.131,307,0.15264,9.12549,landing
375,252.943,206,0.15187,15.30488,landing
376,106.561,1000,0.15111,14.85938,timeout
377,210.345,550,0.15036,19.45065,landing
378,-87.304,101,0.14961,13.53963,crash
379,6.251,156,0.14886,18.74751,crash
380,5.167,123,0.14811,15.09937,crash
381,-217.396,262,0.14737,21.32604,crash
382,83.629,1000,0.14664,15.53932,timeout
383,229.384,221,0.1459,20.81807,landing
384,202.283,264,0.14517,16.83971,landing
385,282.002,298,0.14445,16.02406,landing
386,240.443,745,0.14372,15.24931,landing
387,-45.577,78,0.14301,11.29794,crash
388,218.47,505,0.14229,14.31885,landing
389,239.608,683,0.14158,15.00923,landing
390,11.011,191,0.14087,13.15033,crash
391,257.587,187,0.14017,10.90683,landing
392,87.481,1000,0.13947,17.13051,timeout
393,35.135,88,0.13877,8.28536,crash
394,88.768,1000,0.13808,15.3409,timeout
395,229.359,974,0.13739,14.67505,landing
396,223.48,355,0.1367,11.09049,landing
397,-17.011,90,0.13601,17.34994,crash
398,240.359,272,0.13533,16.61769,landing
399,23.072,85,0.13466,21.6896,crash
400,274.477,306,0.13398,14.50092,landing
401,230.385,247,0.13331,18.63369,landing
402,-26.593,112,0.13265,14.08506,crash
403,-228.789,312,0.13199,17.43258,crash
404,284.597,281,0.13133,11.91373,landing
405,218.178,850,0.13067,15.22108,landing
406,-27.544,151,0.13002,15.12408,crash
407,261.587,307,0.12937,13.56112,landing
408,255.143,282,0.12872,23.86197,landing
409,-90.489,52,0.12807,10.24896,crash
410,297.584,343,0.12743,21.97069,landing
411,269.503,262,0.1268,15.36818,landing
412,-225.105,362,0.12616,13.7596,crash
413,-491.483,370,0.12553,27.86157,crash
414,260.462,908,0.1249,21.48642,landing
415,29.659,132,0.12428,19.72063,crash
416,297.473,547,0.12366,24.66782,landing
417,-36.522,145,0.12304,19.30777,crash
418,172.816,677,0.12243,26.88432,landing
419,279.232,242,0.12181,16.6408,landing
420,250.176,504,0.1212,22.53016,landing
421,257.266,458,0.1206,18.9992,landing
422,110.201,1000,0.12,22.84383,timeout
423,266.123,292,0.1194,31.18238,landing
424,295.891,438,0.1188,22.59191,landing
425,205.906,741,0.1182,20.75501,landing
426,257.885,359,0.11761,31.66088,landing
427,218.415,243,0.11702,21.21782,landing
428,256.695,391,0.11644,15.70872,landing
429,298.507,298,0.11586,14.29068,landing
430,276.934,287,0.11528,18.09083,landing
431,256.661,529,0.1147,17.37953,landing
432,283.223,431,0.11413,13.98745,landing
433,204.99,253,0.11356,32.65015,landing
434,-457.584,68,0.11299,19.00239,crash
435,-361.698,94,0.11243,25.99456,crash
436,-21.329,122,0.11186,40.1224,crash
437,230.184,201,0.1113,21.65507,landing
438,-309.018,77,0.11075,17.39089,crash
439,-309.298,95,0.11019,23.10662,crash
440,-278.387,110,0.10964,22.06467,crash
441,286.972,415,0.10909,25.42382,landing
442,-70.202,150,0.10855,24.79483,crash
443,185.828,459,0.10801,22.26069,landing
444,292.14,189,0.10747,46.19869,landing
445,219.166,318,0.10693,23.41454,landing
446,187.678,329,0.10639,20.44373,landing
447,177.936,437,0.10586,20.58474,landing
448,260.151,376,0.10533,20.55647,landing
449,234.917,541,0.10481,25.23474,landing
450,285.831,290,0.10428,20.29469,landing
451,-207.437,366,0.10376,19.44892,crash
452,-10.654,199,0.10324,19.69834,crash
453,203.161,573,0.10273,19.35267,landing
454,-34.751,195,0.10221,16.16108,crash
455,239.344,271,0.1017,18.2873,landing
456,269.832,324,0.10119,23.08548,landing
457,-165.358,198,0.10069,18.48124,crash
458,271.933,355,0.10018,22.22167,landing
459,257.542,267,0.09968,19.4923,landing
460,271.056,323,0.09918,15.31941,landing
461,235.973,239,0.09869,22.12796,landing
462,261.876,348,0.09819,22.14947,landing
463,292.094,287,0.0977,16.77897,landing
464,232.396,305,0.09721,19.99415,landing
465,-22.375,236,0.09673,20.64662,crash
466,237.339,261,0.09625,39.6727,landing
467,-193.962,178,0.09576,17.98237,crash
468,-225.492,101,0.09529,26.94556,crash
469,155.304,638,0.09481,25.23942,landing
470,180.24,449,0.09433,40.7608,landing
471,-341.72,176,0.09386,36.39476,crash
472,14.686,91,0.09339,50.22935,crash
473,248.825,293,0.09293,20.04248,landing
474,-64.802,242,0.09246,27.70213,crash
475,261.589,243,0.092,27.76133,landing
476,80.723,1000,0.09154,33.92894,timeout
477,179.325,417,0.09108,14.23619,landing
478,7.494,230,0.09063,19.73552,crash
479,-43.199,213,0.09017,22.61674,crash
480,239.85,485,0.08972,21.24871,landing
481,290.437,340,0.08927,20.5028,landing
482,-127.635,69,0.08883,63.60044,crash
483,-178.988,290,0.08838,17.64574,crash
484,16.228,95,0.08794,22.00645,crash
485,-52.568,170,0.0875,18.05272,crash
486,253.511,300,0.08706,20.6635,landing
487,239.885,303,0.08663,21.17553,landing
488,154.709,807,0.0862,20.91393,landing
489,165.74,494,0.08576,24.79116,landing
490,279.68,410,0.08534,19.85575,landing
491,302.535,235,0.08491,21.08931,landing
492,248.273,250,0.08448,20.16168,landing
493,252.234,379,0.08406,23.81346,landing
494,281.975,237,0.08364,23.66122,landing
495,281.476,242,0.08322,20.19188,landing
496,250.536,567,0.08281,18.46072,landing
497,197.862,500,0.08239,20.98055,landing
498,202.653,290,0.08198,17.33026,landing
499,244.455,208,0.08157,25.66278,landing
500,210.207,293,0.08116,19.55954,landing
501,260.493,254,0.08076,27.19747,landing
502,-110.598,271,0.08035,20.62927,crash
503,238.325,232,0.07995,19.23145,landing
504,237.114,256,0.07955,22.55426,landing
505,-84.409,350,0.07916,16.63231,crash
506,302.569,274,0.07876,21.59881,landing
507,274.915,265,0.07837,23.56085,landing
508,250.558,274,0.07797,26.42785,landing
509,-230.572,300,0.07758,28.42704,crash
510,191.029,574,0.0772,21.72746,landing
511,228.673,503,0.07681,23.4478,landing
512,210.391,541,0.07643,23.20369,landing
513,254.022,426,0.07604,22.59711,landing
514,302.703,571,0.07566,23.54312,landing
515,287.348,572,0.07529,25.63308,landing
516,137.883,854,0.07491,29.00367,landing
517,237.416,230,0.07453,24.74307,landing
518,-239.797,142,0.07416,22.05123,crash
519,234.92,344,0.07379,24.19167,landing
520,231.843,266,0.07342,33.59755,landing
521,-186.223,218,0.07305,17.69055,crash
522,-156.123,147,0.07269,20.90634,crash
523,196.098,747,0.07233,24.8315,landing
524,-31.52,138,0.07196,25.31865,crash
525,-67.716,127,0.0716,21.51951,crash
526,-255.006,139,0.07125,22.85086,crash
527,-220.48,202,0.07089,25.7714,crash
528,242.777,373,0.07054,23.25582,landing
529,-453.192,115,0.07018,21.80548,crash
530,-186.475,135,0.06983,15.93316,crash
531,-101.028,59,0.06948,36.45612,crash
532,-139.128,143,0.06914,35.33352,crash
533,-324.177,106,0.06879,28.83533,crash
534,246.771,258,0.06845,22.33242,landing
535,-210.279,266,0.0681,21.86462,crash
536,278.433,292,0.06776,14.69653,landing
537,173.373,335,0.06742,22.47901,landing
538,-189.763,255,0.06709,23.65519,crash
539,-207.676,256,0.06675,24.58661,crash
540,-286.003,81,0.06642,33.21233,crash
541,145.671,388,0.06609,24.7968,landing
542,224.65,407,0.06576,21.49964,landing
543,-276.685,86,0.06543,19.9764,crash
544,251.575,553,0.0651,20.31978,landing
545,253.972,327,0.06477,20.90086,landing
546,-386.411,267,0.06445,22.96177,crash
547,-150.097,268,0.06413,24.06931,crash
548,182.278,632,0.06381,32.32249,landing
549,303.248,416,0.06349,25.41198,landing
550,215.317,254,0.06317,22.66634,landing
551,-104.421,278,0.06286,23.75785,crash
552,227.615,310,0.06254,43.46002,landing
553,-138.037,139,0.06223,22.04355,crash
554,-221.099,443,0.06192,19.84711,crash
555,-295.427,453,0.06161,21.81256,crash
556,282.65,379,0.0613,20.06504,landing
557,244.686,415,0.06099,22.32459,landing
558,259.666,461,0.06069,20.54782,landing
559,249.124,300,0.06038,21.45038,landing
560,126.422,756,0.06008,27.64014,landing
561,262.081,374,0.05978,24.35895,landing
562,-8.714,90,0.05948,22.84621,crash
563,223.356,458,0.05919,22.75093,landing
564,251.014,534,0.05889,21.1368,landing
565,-61.031,339,0.0586,20.02839,crash
566,231.994,543,0.0583,19.76044,landing
567,187.54,647,0.05801,21.50735,landing
568,269.505,321,0.05772,18.62963,landing
569,253.024,451,0.05743,21.54279,landing
570,302.419,404,0.05715,18.69169,landing
571,262.637,312,0.05686,22.65565,landing
572,206.544,592,0.05658,19.13943,landing
573,-5.471,274,0.05629,20.96102,crash
574,231.687,498,0.05601,19.10372,landing
575,253.45,294,0.05573,25.52919,landing
576,228.211,244,0.05545,21.12809,landing
577,33.981,165,0.05517,19.0231,crash
578,287.447,382,0.0549,18.9176,landing
579,229.109,432,0.05462,20.48325,landing
580,277.378,241,0.05435,18.00592,landing
581,38.791,1000,0.05408,20.03345,timeout
582,241.992,228,0.05381,15.78271,landing
583,237.068,337,0.05354,23.22987,landing
584,255.738,239,0.05327,17.71885,landing
585,25.982,1000,0.05301,18.69845,timeout
586,267.742,219,0.05274,19.97592,landing
587,241.649,537,0.05248,17.1483,landing
588,215.828,447,0.05221,17.96763,landing
589,212.979,399,0.05195,15.69636,landing
590,205.666,435,0.05169,18.42391,landing
591,22.415,122,0.05144,25.7397,crash
592,300.17,273,0.05118,19.81963,landing
593,240.258,474,0.05092,19.02385,landing
594,199.847,229,0.05067,14.303,landing
595,245.009,345,0.05041,15.57698,landing
596,233.648,416,0.05016,20.55649,landing
597,203.006,294,0.04991,18.26114,landing
598,242.303,297,0.04966,16.88009,landing
599,298.367,248,0.04941,18.94711,landing
600,-78.254,119,0.04917,15.21404,crash
601,219.901,335,0.04892,18.04247,landing
602,-378.371,145,0.04868,19.34657,crash
603,-211.91,394,0.04843,19.3826,crash
604,-42.89,269,0.04819,18.25964,crash
605,152.232,505,0.04795,15.70871,landing
606,183.099,566,0.04771,16.09374,landing
607,203.464,430,0.04747,18.30929,landing
608,245.768,336,0.04723,19.7955,landing
609,192.598,252,0.047,16.29369,landing
610,203.923,294,0.04676,15.48022,landing
611,262.856,453,0.04653,13.89909,landing
612,275.137,391,0.0463,18.71927,landing
613,221.036,447,0.04607,18.67522,landing
614,249.634,251,0.04583,15.18229,landing
615,241.016,282,0.04561,21.18493,landing
616,289.79,339,0.04538,17.56824,landing
617,262.947,276,0.04515,18.57993,landing
618,265.256,232,0.04492,14.5782,landing
619,264.98,270,0.0447,14.66052,landing
620,266.934,478,0.04448,14.5793,landing
621,3.108,1000,0.04425,18.24232,timeout
622,260.291,244,0.04403,11.94302,landing
623,256.355,511,0.04381,14.41063,landing
624,262.012,366,0.04359,15.64239,landing
625,203.448,508,0.04338,19.97081,landing
626,75.972,1000,0.04316,16.6746,timeout
627,283.131,325,0.04294,15.48764,landing
628,203.834,340,0.04273,14.68986,landing
629,-351.51,195,0.04251,16.31559,crash
630,206.139,369,0.0423,16.73018,landing
631,271.199,237,0.04209,13.83498,landing
632,286.182,278,0.04188,17.60853,landing
633,265.49,220,0.04167,20.26333,landing
634,275.732,331,0.04146,14.42594,landing
635,231.391,487,0.04126,17.71305,landing
636,8.311,206,0.04105,13.64527,crash
637,227.726,395,0.04084,20.773,landing
638,227.552,320,0.04064,18.11575,landing
639,261.48,396,0.04044,19.28989,landing
640,-59.671,215,0.04023,13.72053,crash
641,269.275,378,0.04003,16.7883,landing
642,204.397,329,0.03983,20.43924,landing
643,251.457,281,0.03963,15.96329,landing
644,223.07,661,0.03944,14.63484,landing
645,242.26,309,0.03924,18.4189,landing
646,235.492,350,0.03904,12.62739,landing
647,210.356,281,0.03885,18.21847,landing
648,198.436,321,0.03865,16.89675,landing
649,268.627,202,0.03846,18.79462,landing
650,266.533,368,0.03827,14.38371,landing
651,219.255,292,0.03808,17.35678,landing
652,281.896,214,0.03789,12.42472,landing
653,244.273,376,0.0377,13.70243,landing
654,289.251,259,0.03751,18.9492,landing
655,219.569,322,0.03732,14.12891,landing
656,238.099,258,0.03713,16.86294,landing
657,282.397,224,0.03695,19.17983,landing
658,305.213,343,0.03676,20.7286,landing
659,228.435,316,0.03658,14.62641,landing
660,-248.561,469,0.0364,17.61175,crash
661,227.719,212,0.03621,17.68517,landing
662,220.862,412,0.03603,16.4359,landing
663,247.136,230,0.03585,19.19729,landing
664,269.047,329,0.03567,15.39565,landing
665,251.227,302,0.0355,17.90531,landing
666,252.622,285,0.03532,13.43295,landing
667,220.163,325,0.03514,16.93635,landing
668,281.595,234,0.03497,13.46102,landing
669,245.61,244,0.03479,15.15997,landing
670,231.845,432,0.03462,13.36729,landing
671,231.844,643,0.03444,14.26834,landing
672,216.888,321,0.03427,19.01514,landing
673,216.592,797,0.0341,14.9357,landing
674,280.321,332,0.03393,22.41671,landing
675,204.516,379,0.03376,13.59712,landing
676,276.658,302,0.03359,17.89512,landing
677,197.025,424,0.03342,13.73733,landing
678,218.228,340,0.03326,14.95174,landing
679,292.722,409,0.03309,14.93852,landing
680,268.245,367,0.03292,13.07978,landing
681,252.733,210,0.03276,12.70604,landing
682,286.046,244,0.0326,11.25229,landing
683,291.915,219,0.03243,11.81495,landing
684,237.434,246,0.03227,14.11502,landing
685,306.133,215,0.03211,12.47115,landing
686,251.527,303,0.03195,15.08537,landing
687,276.425,282,0.03179,14.08256,landing
688,277.369,274,0.03163,13.5677,landing
689,289.516,373,0.03147,15.50726,landing
690,284.561,334,0.03131,12.92409,landing
691,301.658,237,0.03116,10.61132,landing
692,258.669,216,0.031,13.33557,landing
693,288.561,280,0.03085,11.91572,landing
694,272.922,215,0.03069,8.62238,landing
695,256.852,207,0.03054,10.75358,landing
696,313.061,227,0.03039,11.64655,landing
697,290.756,199,0.03024,12.36162,landing
698,253.77,231,0.03008,13.62344,landing
699,242.123,229,0.02993,11.40491,landing
700,243.39,227,0.02978,12.00836,landing
701,279.951,214,0.02963,10.21026,landing
702,274.749,256,0.02949,8.6267,landing
703,237.066,238,0.02934,10.23896,landing
704,-135.427,118,0.02919,15.30453,crash
705,283.655,267,0.02905,15.74183,landing
706,244.675,287,0.0289,14.94164,landing
707,292.58,238,0.02876,20.31953,landing
708,197.623,333,0.02861,15.50738,landing
709,232.382,223,0.02847,10.67459,landing
710,216.367,243,0.02833,7.47803,landing
711,226.706,206,0.02819,10.31269,landing
712,259.719,248,0.02805,9.45432,landing
713,274.643,264,0.0279,18.32359,landing
714,10.48,168,0.02777,12.51361,crash
715,281.798,252,0.02763,10.99948,landing
716,250.805,234,0.02749,11.03577,landing
717,263.989,270,0.02735,9.74484,landing
718,289.913,252,0.02721,10.37438,landing
719,248.755,175,0.02708,8.25616,landing
720,269.749,226,0.02694,9.24509,landing
721,297.532,197,0.02681,11.30308,landing
722,252.82,220,0.02667,14.06747,landing
723,298.724,220,0.02654,11.93768,landing
724,262.153,262,0.02641,11.50773,landing
725,182.079,387,0.02628,10.62914,landing
726,232.005,725,0.02614,11.8023,landing
727,274.421,320,0.02601,12.5273,landing
728,267.249,209,0.02588,9.84483,landing
729,213.408,342,0.02575,8.69058,landing
730,269.111,219,0.02563,11.7437,landing
731,292.759,236,0.0255,9.4504,landing
732,237.288,209,0.02537,10.03988,landing
733,215.494,205,0.02524,10.04914,landing
734,290.325,283,0.02512,7.63475,landing
735,291.122,267,0.02499,7.23353,landing
736,232.685,204,0.02487,9.47141,landing
737,271.551,278,0.02474,9.22982,landing
738,269.84,220,0.02462,15.65402,landing
739,-132.867,73,0.0245,8.09657,crash
740,20.787,161,0.02437,8.97357,crash
741,280.497,299,0.02425,13.86197,landing
742,-119.294,119,0.02413,15.86785,crash
743,217.329,274,0.02401,12.91949,landing
744,260.376,193,0.02389,10.62058,landing
745,19.812,101,0.02377,10.53346,crash
746,295.643,254,0.02365,11.878,landing
747,270.601,209,0.02353,13.28075,landing
748,274.201,228,0.02341,18.87318,landing
749,219.723,254,0.0233,13.46057,landing
750,271.6,208,0.02318,12.40655,landing
751,260.587,254,0.02307,11.84448,landing
752,234.978,401,0.02295,11.88524,landing
753,213.097,190,0.02284,10.77771,landing
754,266.644,299,0.02272,14.04321,landing
755,270.74,289,0.02261,13.60894,landing
756,236.783,201,0.02249,11.8754,landing
757,297.877,225,0.02238,10.76177,landing
758,249.623,258,0.02227,16.30129,landing
759,282.541,289,0.02216,12.21328,landing
760,250.637,239,0.02205,11.90166,landing
761,272.658,316,0.02194,11.91277,landing
762,217.707,468,0.02183,9.56719,landing
763,194.689,605,0.02172,11.07104,landing
764,234.046,171,0.02161,16.54064,landing
765,265.021,189,0.0215,12.99471,landing
766,93.11,1000,0.02139,13.63504,timeout
767,257.857,326,0.02129,11.38445,landing
768,282.458,223,0.02118,8.68298,landing
769,285.035,258,0.02108,15.53067,landing
770,241.83,243,0.02097,8.42959,landing
771,263.533,505,0.02086,11.02653,landing
772,273.458,264,0.02076,10.24376,landing
773,217.678,289,0.02066,9.72672,landing
774,282.347,216,0.02055,12.99347,landing
775,253.759,198,0.02045,16.6645,landing
776,268.824,231,0.02035,12.11352,landing
777,256.942,241,0.02025,13.48376,landing
778,270.419,292,0.02015,9.53085,landing
779,279.315,200,0.02004,12.0389,landing
780,257.604,281,0.01994,12.01014,landing
781,247.969,250,0.01984,16.0493,landing
782,235.595,414,0.01975,11.12317,landing
783,278.37,247,0.01965,8.6337,landing
784,248.889,293,0.01955,10.94495,landing
785,244.487,239,0.01945,10.64547,landing
786,229.2,271,0.01935,12.0517,landing
787,262.709,215,0.01926,8.97029,landing
788,270.095,204,0.01916,14.37924,landing
789,279.382,230,0.01906,11.88184,landing
790,10.333,77,0.01897,11.79625,crash
791,298.065,265,0.01887,11.62897,landing
792,268.946,419,0.01878,11.52231,landing
793,265.897,189,0.01869,14.61602,landing
794,-223.12,52,0.01859,34.16763,crash
795,238.932,218,0.0185,17.75142,landing
796,-260.862,51,0.01841,5.8012,crash
797,269.576,200,0.01832,9.94897,landing
798,261.977,203,0.01822,24.4633,landing
799,303.92,238,0.01813,11.31259,landing
800,-180.603,101,0.01804,13.80426,crash
801,61.709,140,0.01795,11.50119,crash
802,-176.639,85,0.01786,19.91461,crash
803,270.615,184,0.01777,13.55275,landing
804,223.679,480,0.01768,13.77102,landing
805,-171.137,82,0.0176,15.0163,crash
806,228.312,194,0.01751,10.68437,landing
807,267.729,282,0.01742,9.91981,landing
808,254.696,208,0.01733,18.80315,landing
809,284.174,393,0.01725,12.0971,landing
810,278.996,216,0.01716,13.56804,landing
811,295.521,210,0.01707,18.41092,landing
812,256.114,407,0.01699,10.99175,landing
813,27.906,120,0.0169,12.03752,crash
814,258.045,232,0.01682,13.42718,landing
815,-96.76,91,0.01674,14.70689,crash
816,262.065,289,0.01665,14.86319,landing
817,291.207,194,0.01657,11.51986,landing
818,266.248,287,0.01649,17.7127,landing
819,54.681,111,0.0164,12.26077,crash
820,259.78,244,0.01632,18.4371,landing
821,298.934,255,0.01624,9.91857,landing
822,266.718,317,0.01616,12.76334,landing
823,3.557,197,0.01608,11.08951,crash
824,186.728,569,0.016,12.52562,landing
825,-274.135,85,0.01592,7.66029,crash
826,177.401,257,0.01584,36.63511,landing
827,-266.86,94,0.01576,32.12772,crash
828,-37.353,123,0.01568,16.48942,crash
829,-212.011,89,0.0156,33.37658,crash
830,165.57,337,0.01552,19.6891,landing
831,243.017,497,0.01545,19.46299,landing
832,-128.058,676,0.01537,16.94619,crash
833,178.249,460,0.01529,17.36138,landing
834,221.103,259,0.01522,15.8752,landing
835,254.649,208,0.01514,11.89636,landing
836,268.777,233,0.01506,17.13665,landing
837,253.501,257,0.01499,12.7277,landing
838,248.382,285,0.01491,9.31076,landing
839,-90.527,74,0.01484,7.61714,crash
840,288.904,249,0.01476,10.89485,landing
841,270.316,219,0.01469,12.16906,landing
842,-152.323,94,0.01462,16.25437,crash
843,242.632,177,0.01454,26.28474,landing
844,250.059,339,0.01447,17.8449,landing
845,235.875,240,0.0144,14.96087,landing
846,270.77,338,0.01433,14.15108,landing
847,295.801,274,0.01426,15.27926,landing
848,288.244,207,0.01418,17.24064,landing
849,279.918,238,0.01411,16.1573,landing
850,191.946,224,0.01404,15.27534,landing
851,255.211,232,0.01397,13.32335,landing
852,10.783,120,0.0139,25.65742,crash
853,-51.087,124,0.01383,12.20968,crash
854,293.667,304,0.01376,16.54912,landing
855,-47.593,112,0.01369,16.51163,crash
856,-215.049,188,0.01363,8.965,crash
857,215.099,212,0.01356,13.83049,landing
858,255.531,203,0.01349,17.16886,landing
859,263.268,243,0.01342,13.107,landing
860,-94.42,243,0.01336,21.62789,crash
861,249.351,216,0.01329,11.45341,landing
862,224.119,240,0.01322,14.33316,landing
863,256.465,212,0.01316,12.68429,landing
864,287.614,180,0.01309,14.26415,landing
865,235.367,320,0.01303,13.00463,landing
866,40.931,153,0.01296,12.69253,crash
867,256.179,400,0.0129,25.76502,landing
868,201.191,944,0.01283,18.09978,landing
869,-104.142,74,0.01277,37.72151,crash
870,271.992,273,0.0127,10.71084,landing
871,-437.452,267,0.01264,16.93806,crash
872,235.375,209,0.01258,16.33641,landing
873,-225.471,243,0.01251,21.0413,crash
874,254.439,245,0.01245,29.40561,landing
875,228.397,313,0.01239,18.07057,landing
876,266.346,223,0.01233,13.46122,landing
877,258.697,200,0.01226,30.12275,landing
878,-131.385,77,0.0122,63.55971,crash
879,285.013,253,0.01214,19.29193,landing
880,-176.413,89,0.01208,16.71321,crash
881,276.485,234,0.01202,23.54429,landing
882,-22.718,158,0.01196,24.66044,crash
883,260.543,382,0.0119,16.71005,landing
884,-229.494,87,0.01184,21.01085,crash
885,-116.24,458,0.01178,23.18477,crash
886,250.411,235,0.01172,24.29651,landing
887,121.546,731,0.01167,21.42001,landing
888,-327.552,172,0.01161,20.58967,crash
889,254.616,222,0.01155,25.06319,landing
890,265.338,257,0.01149,25.4119,landing
891,-250.918,80,0.01143,29.38682,crash
892,270.749,203,0.01138,13.04995,landing
893,277.669,227,0.01132,27.83996,landing
894,266.267,398,0.01126,22.46944,landing
895,244.714,227,0.01121,21.21917,landing
896,282.711,303,0.01115,18.53823,landing
897,265.451,294,0.01109,15.00056,landing
898,245.961,211,0.01104,17.36921,landing
899,223.283,375,0.01098,16.08137,landing
900,258.862,377,0.01093,19.05647,landing
901,262.424,199,0.01087,21.47185,landing
902,237.799,247,0.01082,21.08203,landing
903,-114.087,87,0.01077,37.58105,crash
904,227.827,374,0.01071,20.97587,landing
905,274.228,354,0.01066,16.31402,landing
906,271.618,294,0.01061,18.08962,landing
907,276.057,339,0.01055,15.48343,landing
908,279.44,463,0.0105,15.41966,landing
909,212.594,326,0.01045,19.74068,landing
910,239.183,260,0.0104,14.47737,landing
911,220.849,336,0.01034,15.71604,landing
912,225.718,371,0.01029,19.7285,landing
913,245.573,243,0.01024,18.74244,landing
914,268.621,258,0.01019,19.87334,landing
915,215.575,211,0.01014,18.25389,landing
916,265.119,185,0.01009,20.52121,landing
917,281.522,372,0.01004,15.22627,landing
918,225.957,205,0.01,13.71312,landing
919,258.835,226,0.01,13.56171,landing
920,253.175,511,0.01,18.11419,landing
921,293.445,256,0.01,15.6114,landing
922,263.465,239,0.01,16.45563,landing
923,293.497,291,0.01,17.54629,landing
924,283.329,245,0.01,20.602,landing
925,207.326,290,0.01,14.79397,landing
926,267.505,192,0.01,18.93291,landing
927,228.191,194,0.01,15.58956,landing
928,274.453,289,0.01,17.66233,landing
929,246.516,220,0.01,19.23756,landing
930,259.448,199,0.01,19.06138,landing
931,297.436,207,0.01,15.58286,landing
932,244.387,355,0.01,16.44449,landing
933,281.885,307,0.01,16.27786,landing
934,249.525,196,0.01,12.70456,landing
935,257.494,218,0.01,17.00275,landing
936,261.572,298,0.01,15.52966,landing
937,278.209,183,0.01,15.9116,landing
938,294.79,252,0.01,14.77088,landing
939,247.419,292,0.01,16.42261,landing
940,248.908,214,0.01,10.52625,landing
941,287.473,320,0.01,16.4291,landing
942,257.358,208,0.01,11.11407,landing
943,259.513,224,0.01,16.53853,landing
944,287.152,186,0.01,14.31675,landing
945,186.318,336,0.01,11.50095,landing
946,270.679,187,0.01,14.4445,landing
947,232.091,237,0.01,13.29381,landing
948,295.152,265,0.01,11.49648,landing
949,236.779,205,0.01,8.60246,landing
950,242.757,198,0.01,17.23101,landing
951,302.071,169,0.01,12.38566,landing
952,283.336,173,0.01,11.9087,landing
953,221.962,205,0.01,9.21478,landing
954,253.513,273,0.01,15.57286,landing
955,242.063,734,0.01,13.42007,landing
956,267.826,221,0.01,11.98867,landing
957,259.903,231,0.01,13.12535,landing
958,272.845,196,0.01,18.28477,landing
959,263.803,455,0.01,18.44461,landing
960,-20.53,173,0.01,12.9771,crash
961,239.661,296,0.01,15.24815,landing
962,206.355,239,0.01,9.89759,landing
963,281.948,205,0.01,15.51882,landing
964,-5.49,92,0.01,19.33516,crash
965,250.743,295,0.01,13.55786,landing
966,245.332,281,0.01,18.3955,landing
967,22.863,117,0.01,23.28033,crash
968,245.075,191,0.01,17.68427,landing
969,304.729,211,0.01,13.91669,landing
970,244.317,240,0.01,16.49618,landing
971,222.418,253,0.01,14.38566,landing
972,239.472,224,0.01,15.51616,landing
973,248.516,267,0.01,12.3786,landing
974,259.473,235,0.01,15.77091,landing
975,259.924,196,0.01,17.1789,landing
976,259.307,741,0.01,15.33623,landing
977,247.542,275,0.01,12.2447,landing
978,292.052,221,0.01,10.81617,landing
979,247.027,214,0.01,11.48798,landing
980,230.981,398,0.01,13.8835,landing
981,245.244,240,0.01,14.74102,landing
982,276.34,288,0.01,13.12145,landing
983,267.324,241,0.01,19.7022,landing
984,295.931,191,0.01,11.0819,landing
985,246.81,234,0.01,15.56834,landing
986,22.218,153,0.01,15.0468,crash
987,255.394,219,0.01,25.35049,landing
988,296.828,199,0.01,11.82128,landing
989,268.249,286,0.01,12.80331,landing
990,277.972,170,0.01,13.6854,landing
991,282.074,245,0.01,15.2971,landing
992,233.605,244,0.01,13.46887,landing
993,261.128,276,0.01,14.93427,landing
994,267.783,220,0.01,16.56469,landing
995,252.667,198,0.01,15.0641,landing
996,265.889,213,0.01,14.51027,landing
997,232.822,219,0.01,14.01671,landing
998,240.974,218,0.01,12.80694,landing
999,275.41,247,0.01,11.95602,landing
